<?xml version="1.0" encoding="UTF-8"?>
<things>
    <parameters>
        <experiment name="j0126_realigned_mag1"/>
        <lastsavedin version="v5.1-327-gbf399a28"/>
        <createdin version="v5.1-327-gbf399a28"/>
        <node_position_numbering index_origin="1"/>
        <guiMode mode="none"/>
        <dataset path="file:///home/pschuber/mnt/wb/wholebrain/scratch/pschuber/NeuroPatch/datasets/0126_realigned_v4b_cbs_ext0_fix.conf" overlay="1"/>
        <MovementArea min.x="5200" min.y="6000" min.z="3100" max.x="6300" max.y="7100" max.z="3700"/>
        <scale x="10" y="10" z="20"/>
        <RadiusLocking enableCommentLocking="0" lockingRadius="100" lockToNodesWithComment="seed"/>
        <segmentation backgroundId="0"/>
        <editPosition x="6236" y="6600" z="3168"/>
        <skeletonVPState E0="0.965926" E1="0.0669873" E2="-0.25" E3="0" E4="-0.258819" E5="0.25" E6="-0.933013" E7="0" E8="0" E9="0.965926" E10="0.258819" E11="0" E12="15939.3" E13="-17705.8" E14="106487" E15="1" translateX="53320" translateY="54565"/>
        <vpSettingsZoom XYPlane="0.707107" XZPlane="0.707107" YZPlane="0.707107" SkelVP="0"/>
    </parameters>
    <comments/>
    <branchpoints/>
</things>
